{
  "2d_coordinates": [
    [0, 0],
    [1, 0],
    [1.5, 0.86602540378],
    [1, 1.73205080757],
    [0, 1.73205080757],
    [-0.5, 0.86602540378]
  ],
  "3d_path_coordinates": [
    [0, 0, 0],
    [10, 10, 10]
  ],
  "section_parameters": {
    "scale_factor": 1.0,
    "rotation_angle_degrees": 0
  }
}
